255,248,219,191,187,168,157,152,155,153,135,139,132,154,155,171,188,188,157,132,135,152,136,138,135,169,152,174,166,185,190,171,155,152,154,133,138,138,136,153,152,187,173,133,141,133,151,153,130,135,143,151,156,154,167,188,189,169,186,177,148,153,168,152,156,150,169,176,181,155,173,152,153,136,136,140,140,152,166,174,167,156,155,149,176,154,168,184,175,150,135,136,170,169,188,186,184,152,136,142,134,139,136,134,137,134,153,190,206,181,177,134,152,154,171,171,171,165,176,150,151,157,149,173,133,142,140,135,153,157,136,137,133,149,154,190,191,184,168,156,149,156,159,167,132,140,154,166,156,154,151,153,171,170,156,156,145,133,134,136,148,156,241
243,255,198,170,148,154,87,101,86,57,39,34,19,53,80,132,132,174,98,54,14,36,0,16,29,54,52,119,143,167,173,147,112,121,97,24,3,0,7,32,86,100,117,101,63,34,49,16,0,36,11,65,98,64,120,169,166,162,132,113,103,107,84,50,51,52,69,101,122,95,84,102,57,0,18,0,28,72,119,147,154,88,75,106,65,65,136,192,165,69,33,41,43,100,105,149,155,104,67,51,12,0,23,36,12,21,138,217,225,207,78,18,68,69,97,138,169,159,119,98,84,88,68,52,12,0,32,16,82,65,12,42,50,69,135,133,186,207,135,105,66,47,81,68,51,32,54,49,77,85,137,122,155,80,57,6,0,8,0,16,69,92,255
255,254,220,127,99,150,155,118,83,111,51,66,78,87,100,159,159,150,153,117,104,13,18,50,53,15,45,99,132,119,156,223,206,189,154,31,17,18,17,34,81,65,89,192,186,154,87,12,19,62,84,125,117,89,65,135,135,156,154,135,141,131,95,20,0,2,0,16,63,146,150,121,19,1,20,0,24,49,123,138,202,136,124,116,106,99,150,204,185,139,120,64,22,19,47,84,121,169,169,168,74,7,16,62,29,23,219,235,222,185,19,15,45,90,117,155,171,181,168,142,84,64,64,31,18,25,63,88,66,85,84,85,152,168,174,121,200,242,201,155,50,63,102,82,71,47,14,3,70,108,185,181,118,70,2,1,26,1,40,34,89,87,237
248,253,204,146,152,160,146,156,174,129,13,53,70,145,174,133,117,98,162,171,163,91,103,17,28,75,74,71,71,84,79,124,153,170,169,100,71,17,53,79,70,3,21,190,188,137,83,71,95,123,80,86,86,64,70,122,149,190,170,133,99,121,106,83,31,9,49,75,66,134,130,103,122,34,18,18,19,15,54,98,219,247,220,100,81,186,226,238,173,36,12,87,71,58,105,141,147,207,222,242,149,50,17,3,20,10,140,229,236,218,190,0,35,83,157,167,135,142,133,132,88,76,102,136,55,0,56,101,71,68,67,90,155,149,137,66,159,205,220,222,182,213,213,152,49,15,0,19,97,144,174,174,67,56,0,14,16,30,126,147,117,141,255
250,255,223,103,50,81,122,166,207,204,106,67,32,73,82,72,70,83,187,206,221,153,86,99,85,11,14,12,0,56,63,121,125,117,121,100,104,107,79,39,15,0,0,65,87,67,100,168,209,194,191,119,78,23,49,79,88,116,188,208,217,228,180,98,70,97,26,15,64,118,158,168,205,172,152,123,79,76,84,70,139,130,168,197,167,193,207,235,218,106,82,70,23,29,45,80,103,139,99,84,152,136,98,14,47,72,105,189,236,243,217,67,121,128,119,86,63,71,104,102,95,103,68,65,16,20,117,169,59,59,13,8,34,33,21,0,47,67,191,176,101,99,143,204,153,128,28,34,89,87,122,133,62,68,40,68,58,15,0,49,0,65,226
255,250,196,103,45,90,33,52,34,104,118,152,169,154,98,30,0,4,15,69,120,137,167,222,213,183,146,66,45,50,37,12,0,25,73,183,192,171,118,68,47,22,20,47,65,33,40,89,103,197,206,190,208,112,71,69,91,110,141,137,103,156,172,188,202,182,139,52,34,67,70,83,101,171,192,203,199,159,115,66,30,23,20,91,121,151,164,172,210,164,157,86,119,85,53,37,66,75,70,69,72,36,54,48,92,77,99,154,184,211,221,188,139,143,136,65,56,51,46,65,92,94,66,55,35,28,60,89,173,174,136,116,160,101,43,22,6,0,1,14,16,54,95,137,190,204,186,118,35,32,10,52,74,83,97,98,152,139,134,98,62,71,244
241,255,229,152,109,76,0,14,0,35,36,89,132,170,175,124,123,18,46,96,160,82,118,190,189,202,179,126,68,97,70,17,20,3,26,72,83,122,115,136,153,64,47,39,12,7,10,0,0,97,104,182,204,175,143,118,114,111,76,50,87,129,133,174,189,207,191,113,88,85,58,37,31,54,85,117,183,186,80,39,0,50,47,88,74,101,119,171,187,173,166,173,186,119,70,0,39,26,0,10,11,34,35,32,29,40,75,82,152,170,169,189,184,169,134,87,93,56,40,55,104,133,139,118,28,0,47,45,103,113,101,103,190,165,125,12,31,49,0,9,22,10,0,100,151,149,189,168,39,69,59,31,79,86,124,99,193,205,220,193,102,81,242
253,255,195,185,150,106,35,38,2,1,0,46,89,200,218,202,149,21,87,107,95,68,88,135,169,189,154,137,96,142,149,51,6,0,34,35,51,86,119,169,191,101,68,29,51,31,35,57,35,16,18,138,150,187,170,119,119,98,86,103,100,122,104,82,101,188,169,137,152,104,52,15,34,13,34,88,135,188,140,101,105,45,52,53,44,67,103,118,154,189,170,206,207,168,105,2,13,40,68,80,70,137,131,68,33,0,48,70,118,152,190,184,186,188,175,98,65,40,31,48,99,158,200,189,122,74,49,87,68,69,70,66,152,193,146,106,102,88,18,0,33,52,45,48,105,118,153,185,138,118,119,85,53,66,82,103,163,218,255,234,139,132,241
255,248,201,192,166,174,132,83,17,17,36,71,81,139,186,203,171,89,120,134,168,105,32,120,138,116,150,156,168,190,188,84,30,3,9,35,52,83,85,123,135,115,101,88,72,80,122,151,154,32,17,73,62,107,99,98,114,156,119,83,67,49,41,0,35,134,154,193,182,69,30,51,88,0,30,71,80,139,188,205,167,70,50,35,47,79,75,66,120,135,132,141,171,151,135,65,83,65,89,84,63,172,186,188,99,72,99,118,120,122,132,171,132,158,169,174,83,51,15,0,33,82,169,192,169,127,75,80,85,69,15,15,85,101,135,169,156,133,31,39,50,26,51,48,67,68,83,99,153,172,130,90,0,37,36,83,101,109,130,137,153,138,242
248,254,223,139,99,165,210,115,15,47,102,85,67,49,98,152,153,116,133,228,242,125,43,24,44,73,85,137,171,147,143,98,101,84,87,18,10,85,70,78,67,129,121,97,79,54,96,177,164,58,29,14,31,13,67,101,139,151,130,87,11,35,32,24,14,90,118,178,193,81,68,98,82,1,37,66,35,46,118,155,119,83,81,89,83,89,63,81,47,51,76,44,132,150,175,151,114,97,28,4,0,140,169,220,202,191,68,83,76,90,66,115,71,103,149,185,131,104,18,12,0,42,95,165,191,172,44,55,65,64,35,18,87,80,108,118,98,109,114,100,50,59,37,0,48,84,20,52,121,95,87,80,35,36,46,67,28,30,52,83,69,91,230
255,253,205,42,24,106,152,149,121,122,149,118,103,18,13,21,49,85,106,152,178,197,135,86,67,18,30,53,104,120,127,156,188,237,190,64,67,104,83,56,50,84,101,121,108,15,37,42,85,122,118,126,120,80,74,64,106,153,154,156,122,119,106,24,48,81,72,74,115,119,120,119,156,63,34,0,1,22,30,31,87,63,100,122,99,96,105,104,54,29,30,31,90,192,183,167,160,123,65,33,20,47,100,187,221,222,147,123,106,65,4,71,61,89,114,172,191,187,52,0,26,33,125,185,206,240,156,79,70,57,68,67,81,88,79,83,48,67,157,171,120,120,87,72,66,73,60,48,69,106,95,123,139,65,15,52,52,75,95,105,82,106,243
241,255,215,52,0,0,40,38,63,115,180,202,207,69,0,65,67,65,69,78,144,216,255,238,241,167,138,51,66,65,78,83,119,116,155,211,205,132,105,12,0,13,51,137,133,81,52,55,68,151,152,165,168,122,92,22,11,36,18,45,135,172,183,171,123,15,58,86,115,139,118,82,101,81,73,64,29,0,10,13,11,33,32,47,85,96,115,166,130,91,89,80,81,101,118,121,204,242,190,120,13,69,88,63,118,181,217,240,131,85,0,13,18,16,33,35,35,60,123,119,55,15,12,21,99,119,147,177,63,53,13,35,137,121,102,90,71,27,106,111,84,90,88,81,83,71,13,3,69,66,30,103,181,172,156,48,13,22,36,13,72,95,239
255,244,205,104,64,5,17,0,20,68,157,153,151,89,0,69,100,121,91,50,29,205,255,223,175,34,70,68,84,65,81,102,137,89,64,97,121,139,120,46,70,70,68,156,134,83,52,8,17,85,123,155,158,88,80,12,18,5,0,21,23,78,136,189,156,2,27,13,32,34,31,36,137,189,153,69,54,66,28,16,71,75,71,121,113,132,150,189,190,99,87,19,86,143,129,136,151,175,155,129,88,15,12,44,69,99,191,186,174,177,97,2,0,29,53,0,19,23,140,139,19,2,32,71,70,82,173,164,102,67,73,66,99,136,165,115,83,73,68,92,119,114,140,98,36,34,103,104,58,95,72,62,103,103,98,111,56,0,25,49,20,67,243
250,253,221,186,140,48,2,38,48,82,101,124,147,97,56,138,174,149,62,69,53,160,183,188,169,116,105,62,40,36,59,95,85,32,17,104,136,169,132,107,73,80,99,191,209,138,85,19,51,71,98,156,169,151,122,47,28,23,24,52,33,39,70,167,95,14,31,54,20,0,17,52,148,212,152,80,35,37,48,42,84,61,82,150,143,139,165,192,168,96,69,50,85,51,85,103,86,100,150,178,156,32,0,7,33,84,121,135,157,164,174,47,0,57,105,48,14,14,97,117,46,35,12,36,32,35,149,190,137,111,96,121,123,148,211,172,85,31,51,79,101,112,97,122,84,91,106,85,35,27,48,52,119,122,115,116,34,22,46,51,0,58,252
243,255,202,172,121,81,86,79,71,27,41,47,59,124,113,185,206,226,171,104,15,48,42,173,172,187,159,47,0,83,96,89,66,51,43,95,100,139,142,128,153,48,62,166,182,240,166,101,36,23,38,65,83,115,119,106,107,44,41,35,43,15,0,74,105,155,135,150,106,65,34,32,101,136,104,81,68,49,49,77,121,84,94,102,98,52,91,131,138,165,148,176,68,0,30,85,86,86,151,183,237,157,96,23,33,84,55,32,93,104,118,157,155,151,112,45,13,0,28,83,137,99,37,21,10,4,80,121,133,148,142,98,152,188,227,210,125,27,17,37,15,32,69,99,100,127,98,125,49,48,1,50,102,96,103,119,140,120,151,82,14,49,239
255,246,207,100,84,103,169,156,137,70,0,6,0,95,124,152,185,239,241,154,99,36,2,67,84,190,166,118,87,156,185,137,136,85,73,79,66,67,102,140,135,36,0,90,113,205,191,118,50,6,0,17,0,38,65,152,149,158,97,25,22,0,18,38,85,186,188,187,184,142,87,0,50,85,98,139,134,82,69,54,150,138,136,102,66,0,30,87,67,131,156,219,170,52,35,47,67,37,100,116,243,235,192,63,87,63,66,39,33,55,84,169,186,169,136,27,19,0,38,34,102,120,99,85,50,32,39,81,117,123,98,83,139,165,197,231,164,159,67,31,49,50,83,53,50,68,150,138,134,122,33,83,35,34,50,86,118,105,138,135,88,85,252
252,251,229,118,81,121,136,136,135,122,68,31,17,34,27,69,83,171,237,242,236,68,0,0,17,100,120,153,171,186,192,218,219,154,103,28,48,71,63,69,33,17,15,67,90,113,120,118,114,34,16,34,1,0,49,120,146,178,153,100,29,17,14,54,46,120,154,203,225,184,131,2,0,50,100,159,152,85,14,20,118,188,207,172,63,51,64,84,15,17,48,187,226,112,85,65,33,17,50,102,145,212,209,166,116,88,79,56,52,30,87,66,116,121,122,82,39,41,33,52,84,121,186,217,119,67,34,34,30,38,85,86,65,102,121,169,186,174,117,63,89,81,90,13,53,81,105,123,166,152,103,102,26,34,0,42,28,0,53,85,134,151,239
255,255,202,81,22,71,36,4,18,61,88,90,65,123,135,67,67,4,24,69,87,84,69,88,64,90,49,38,80,88,95,209,221,215,156,70,48,17,68,118,175,165,153,70,57,95,63,68,82,93,64,37,16,12,24,83,87,130,153,177,185,88,66,0,57,64,86,83,153,207,212,128,0,0,73,131,156,63,54,10,72,132,166,231,191,82,78,81,13,63,57,78,183,246,240,239,152,0,49,71,77,121,137,155,135,132,176,119,7,23,0,2,1,86,156,168,115,77,12,12,85,121,185,159,70,14,59,84,71,78,122,64,0,34,82,89,85,84,137,193,183,133,82,14,18,0,13,4,17,34,151,172,190,117,67,19,0,24,72,83,145,145,247
253,255,225,48,2,20,67,81,64,74,79,83,87,208,236,173,114,102,176,184,184,207,166,137,136,64,44,34,83,116,132,76,103,188,183,103,67,13,87,186,217,154,140,169,177,134,130,191,205,222,219,44,6,153,101,32,33,84,118,150,184,161,118,72,82,83,98,157,202,237,217,209,66,3,71,153,208,224,166,119,99,175,191,178,171,132,134,136,86,67,78,89,107,104,95,99,69,16,0,13,61,181,203,240,220,215,138,81,27,0,0,20,6,34,114,194,104,63,52,64,61,102,150,188,152,122,84,69,81,73,0,20,1,36,101,133,170,185,190,190,202,204,190,54,0,14,5,4,135,144,186,169,132,92,17,53,87,69,17,28,130,137,243
255,250,204,57,11,0,20,21,18,88,136,139,133,112,157,100,76,10,31,74,98,190,194,151,154,171,157,69,12,33,47,81,76,159,173,181,138,0,16,86,157,204,190,48,32,107,87,114,148,204,230,153,118,106,40,58,53,23,106,174,229,173,156,83,35,82,91,61,102,111,112,154,17,0,47,81,137,184,150,138,13,80,104,92,78,165,152,137,31,18,17,82,8,15,55,85,102,65,34,3,61,153,139,96,102,99,183,173,32,0,13,2,0,35,122,180,187,156,13,36,22,35,52,81,132,141,136,137,137,136,81,63,68,66,63,18,88,99,122,81,156,154,157,44,15,1,71,74,104,94,225,224,140,98,69,149,158,122,0,40,183,175,225
253,254,215,137,109,69,58,29,0,23,33,38,52,120,204,192,165,55,18,16,17,83,149,154,119,116,120,154,124,103,96,41,18,32,65,91,99,60,54,97,84,182,184,58,8,65,88,48,36,136,169,206,216,154,102,12,19,0,35,72,113,193,187,147,99,70,81,89,34,86,79,137,101,72,72,69,174,233,203,170,22,68,85,64,117,134,142,143,63,72,50,84,52,66,103,166,186,159,64,3,68,88,84,87,102,131,181,161,143,157,138,51,1,16,56,104,189,206,67,19,44,31,18,20,79,85,170,198,203,212,166,174,17,58,68,67,60,95,94,142,169,167,136,85,66,54,31,18,61,109,95,168,207,167,120,122,83,71,0,33,110,141,243
252,255,210,208,170,138,84,51,19,19,72,14,11,90,154,198,206,72,16,0,22,11,30,37,37,17,70,145,182,106,67,14,21,0,17,36,16,22,71,65,82,112,121,120,122,89,69,30,66,86,100,172,211,183,156,66,75,68,59,50,18,35,79,195,193,135,102,70,10,12,39,101,39,63,84,82,118,174,203,224,120,27,39,83,52,32,98,146,171,90,68,34,24,15,48,125,154,220,150,104,29,16,36,82,91,84,128,137,157,155,187,152,0,14,0,16,49,46,52,0,87,58,24,67,42,11,82,110,155,147,158,157,118,113,125,62,55,13,58,78,141,159,141,133,136,136,68,31,24,31,85,87,52,105,134,163,140,119,2,18,12,52,231
255,249,220,150,126,112,127,118,117,102,84,33,6,41,86,159,168,122,66,33,18,38,51,64,82,113,136,174,194,186,171,50,16,34,33,1,29,43,87,120,120,65,82,189,200,170,142,93,74,81,68,102,100,83,104,120,100,82,78,37,0,23,21,82,79,72,49,50,60,46,69,66,14,58,77,87,83,103,182,203,187,86,49,32,53,51,80,156,188,164,168,123,0,15,18,30,118,177,170,153,56,20,7,41,68,67,54,68,99,120,123,117,14,17,18,2,52,84,89,38,45,33,51,123,102,80,75,78,100,117,170,150,139,158,161,178,100,35,32,34,66,61,83,91,132,146,82,64,52,44,64,101,33,69,68,173,207,201,134,82,0,47,255
251,255,203,54,12,72,135,139,138,119,150,123,95,37,21,62,88,185,187,171,147,55,11,54,84,71,70,116,218,241,237,153,152,86,50,50,52,3,69,83,68,33,17,138,151,192,175,98,0,69,48,2,14,72,99,188,173,152,52,18,4,15,19,15,52,155,153,136,99,90,29,2,15,5,27,68,116,204,226,237,186,85,81,84,86,82,72,65,65,168,193,173,0,18,54,64,100,185,170,188,101,13,35,82,34,0,1,1,65,87,87,101,136,120,69,0,68,84,34,12,2,0,30,103,153,206,68,0,71,81,138,116,84,101,141,130,170,190,152,102,71,84,66,15,36,80,138,174,150,155,68,85,137,135,137,166,206,208,182,139,18,52,238
253,247,223,53,0,21,89,101,130,194,222,171,136,53,73,82,68,100,132,144,135,84,86,78,68,2,34,69,64,139,151,187,171,66,69,3,16,0,79,124,68,34,1,65,87,124,135,120,83,34,14,50,65,21,0,120,167,194,121,46,23,44,65,69,86,134,139,132,137,53,15,13,82,68,69,88,115,185,191,170,184,126,45,14,33,0,0,15,63,69,84,141,102,66,55,0,46,90,84,85,138,98,86,84,37,14,1,17,1,17,88,66,84,67,51,0,49,85,151,136,32,22,63,222,239,222,103,11,81,88,84,89,68,121,142,151,136,153,140,62,17,18,0,1,0,16,117,154,187,151,102,48,20,36,61,22,54,92,192,189,103,107,240
244,255,196,115,76,0,86,31,11,47,186,227,236,63,19,49,64,21,71,81,79,156,208,157,114,4,13,0,21,48,69,83,83,146,129,104,62,1,54,115,151,154,96,3,0,0,30,104,140,145,138,21,0,7,0,116,141,177,191,175,132,33,2,2,32,3,0,32,59,130,161,151,135,10,0,1,74,139,97,69,194,212,230,186,116,85,86,71,106,15,18,86,166,78,58,0,15,0,71,63,86,172,186,182,114,88,46,0,4,1,0,2,2,46,71,14,48,106,200,190,130,138,68,80,140,204,235,245,102,45,49,81,0,0,17,0,67,86,189,187,191,164,87,32,15,2,4,10,86,107,218,191,0,4,18,44,30,3,68,138,156,146,238
247,246,218,176,97,8,20,13,0,43,155,185,222,198,162,139,135,139,127,103,78,180,238,201,205,142,122,64,63,87,78,55,19,106,107,129,155,121,91,72,89,134,158,86,88,78,34,28,90,175,176,50,19,0,38,104,86,103,140,150,187,192,185,112,96,72,69,60,89,121,149,205,184,0,20,0,31,84,86,89,181,203,227,205,205,134,128,76,164,169,157,147,197,171,150,137,102,7,98,137,139,97,142,225,208,206,137,75,23,0,13,139,130,91,89,69,174,199,224,186,38,34,98,144,146,155,150,146,137,104,72,83,92,65,52,18,83,156,220,243,231,191,70,15,30,83,56,80,133,126,196,166,67,30,16,56,68,85,137,154,79,126,243
255,254,202,207,169,133,1,31,75,66,70,117,148,240,237,209,154,15,17,51,77,123,159,154,118,11,10,6,16,2,18,0,0,69,110,174,168,153,68,51,82,84,67,18,0,19,21,14,0,39,51,166,170,85,68,83,47,15,14,50,104,95,91,88,72,86,81,62,20,84,103,204,208,133,109,66,55,21,17,0,33,138,161,235,223,70,80,89,71,31,31,65,96,141,172,182,133,65,39,8,72,88,95,152,165,180,142,76,132,159,175,82,85,120,114,80,83,126,222,238,184,137,20,9,84,69,88,157,200,226,169,132,71,88,69,1,21,22,154,190,171,104,11,55,71,84,92,57,38,38,85,153,185,102,2,0,54,67,33,11,68,102,240
250,248,198,213,187,223,86,86,82,68,36,56,79,176,187,181,172,97,65,51,45,54,60,101,120,97,124,118,115,62,49,3,19,40,55,176,180,165,76,51,49,106,120,135,148,82,63,51,43,32,54,139,134,141,97,62,83,57,68,86,120,141,165,167,167,102,84,59,51,99,117,170,203,199,145,86,43,32,20,49,52,91,101,122,172,182,158,147,87,13,4,41,12,99,114,156,159,117,52,2,69,30,37,68,123,177,100,91,138,151,170,136,86,66,48,58,71,39,191,219,171,151,51,15,52,77,100,118,171,194,167,175,120,82,36,0,35,38,67,103,136,167,193,164,139,100,65,86,0,35,91,156,172,156,122,116,122,124,67,55,51,68,244
252,255,229,180,183,221,108,87,47,66,34,0,15,99,140,193,223,186,28,13,22,17,1,106,137,138,138,151,190,182,132,16,0,0,34,182,208,206,90,0,17,68,96,189,200,187,144,63,79,70,63,150,165,220,197,84,83,68,85,103,138,127,157,224,223,139,86,11,62,104,127,112,133,113,107,38,66,66,36,0,10,70,87,62,136,240,242,190,100,37,14,0,22,97,111,132,185,205,82,52,77,37,23,65,132,157,32,0,117,152,182,208,117,91,38,0,16,19,120,170,157,138,86,33,68,71,92,64,121,136,138,140,187,139,83,36,11,17,53,78,117,153,227,225,218,220,106,66,18,13,70,120,223,196,186,171,158,114,39,6,5,42,255
254,245,199,103,88,124,146,169,210,148,89,93,110,67,66,117,138,187,206,153,105,28,15,47,69,45,70,121,183,225,225,62,14,20,36,121,120,175,84,19,19,94,138,104,123,121,123,97,71,21,12,75,71,167,145,122,107,77,71,62,63,73,72,82,66,83,86,88,27,18,11,22,84,122,148,190,122,44,22,56,89,84,69,67,123,241,233,239,197,104,111,0,15,129,95,87,141,200,236,222,146,32,8,32,10,20,0,2,73,86,154,219,239,217,151,31,64,90,95,88,134,152,205,208,97,86,60,70,3,0,54,83,136,167,197,183,118,67,49,68,20,35,61,120,185,221,209,153,12,16,24,58,188,169,175,125,95,114,158,125,26,44,236
253,255,221,102,45,15,1,71,140,157,186,190,183,67,85,68,62,159,237,239,235,38,0,1,0,22,31,117,138,167,168,103,87,84,26,1,31,80,72,81,67,84,86,19,0,88,103,119,82,13,0,0,14,55,156,224,206,133,52,21,14,68,68,85,122,136,150,139,150,85,83,65,85,1,52,135,169,223,211,185,137,82,53,13,35,132,188,240,246,200,170,15,23,0,59,46,63,191,223,239,230,121,124,154,107,84,0,1,47,101,137,190,226,204,166,161,149,151,143,131,134,194,236,224,155,65,55,0,1,35,88,63,153,140,129,140,157,148,37,11,61,92,85,84,157,184,202,204,85,83,84,88,137,139,129,168,222,242,220,170,13,56,235
247,255,201,69,17,69,87,69,86,150,245,203,186,53,83,17,0,19,70,188,240,188,97,17,34,71,29,42,66,80,90,166,189,82,47,69,65,82,86,86,96,90,69,0,0,20,32,103,135,100,94,47,64,67,137,239,221,154,155,136,148,30,38,139,97,69,121,187,208,136,69,14,87,83,54,0,87,188,189,172,158,99,68,15,16,83,124,134,156,138,137,64,100,66,49,19,14,18,53,85,137,134,158,220,188,186,0,12,1,10,18,16,66,155,223,218,190,137,81,83,84,80,141,88,116,150,82,19,16,17,41,3,0,42,104,135,203,206,173,138,83,66,78,72,99,138,172,172,102,83,81,56,0,20,15,51,173,183,223,183,158,140,227
252,253,214,61,0,0,0,34,83,124,153,167,188,65,1,13,0,21,0,55,81,67,70,68,71,0,20,12,0,68,95,189,216,192,123,3,31,86,153,200,230,152,96,1,4,0,4,33,88,132,134,50,16,21,68,185,192,179,152,155,138,40,0,1,2,3,30,91,163,187,170,84,0,3,37,83,83,83,64,82,180,192,171,135,97,63,70,87,0,69,81,142,157,130,116,84,16,1,64,62,16,88,97,136,137,135,105,73,31,17,87,70,17,34,118,192,200,219,70,0,89,64,95,142,197,227,225,185,18,38,64,96,7,0,48,139,153,152,129,148,87,84,69,30,1,19,59,81,157,131,190,98,0,59,64,78,119,157,135,161,184,169,252
253,255,201,118,69,24,87,66,85,80,139,173,183,158,59,18,39,84,70,115,138,227,229,221,190,0,43,100,153,104,56,83,155,182,190,181,186,192,225,240,193,180,118,82,86,7,20,49,158,197,193,37,14,147,116,139,167,212,241,234,235,120,62,104,65,86,69,77,145,201,205,189,68,0,1,0,38,89,156,190,242,153,120,0,106,87,21,0,86,139,155,217,170,91,47,16,12,67,83,72,20,117,175,220,234,255,164,87,65,84,68,64,16,36,115,222,242,243,98,68,81,104,161,181,221,241,203,186,96,87,23,0,23,49,105,134,203,207,176,139,84,49,3,26,115,135,90,82,138,143,127,88,3,36,88,72,118,146,194,151,82,107,228
245,250,226,152,123,119,64,35,38,29,62,90,117,122,124,104,81,69,81,55,42,101,155,156,152,89,108,120,121,84,62,16,18,101,105,103,65,46,59,154,173,185,174,84,68,68,82,81,76,131,119,61,51,51,68,66,68,120,149,203,210,151,126,116,117,53,51,33,98,170,188,184,45,64,67,40,65,85,150,167,237,223,182,100,145,100,95,31,73,29,18,92,140,129,157,151,86,19,36,31,13,78,102,153,177,169,183,175,117,135,173,153,35,31,103,209,213,240,117,69,102,102,27,55,127,152,218,240,191,172,70,83,34,40,27,54,51,81,120,129,186,173,149,85,72,68,82,73,94,103,106,116,129,106,32,32,66,69,101,104,68,110,245
255,255,199,120,99,187,166,170,151,43,21,7,37,127,171,169,134,54,50,71,68,36,83,80,103,135,149,159,160,120,71,0,15,66,88,85,81,96,72,99,87,99,136,202,210,67,75,52,86,80,80,161,149,172,134,49,35,87,100,154,184,204,220,221,190,32,51,86,104,73,97,172,176,84,46,32,19,0,49,64,158,174,175,187,154,135,113,0,49,31,37,0,47,142,171,199,151,68,62,90,99,88,125,117,133,135,187,186,154,172,205,202,82,53,38,118,160,167,204,169,104,88,45,75,76,98,141,148,186,182,139,98,125,118,100,45,30,6,70,98,194,201,188,169,167,169,82,88,119,121,100,150,216,165,125,111,54,25,40,87,63,106,248
249,245,208,118,108,177,226,222,236,131,31,59,51,57,50,136,150,126,62,6,2,46,55,16,1,0,33,117,177,187,156,8,19,85,80,83,92,77,83,103,122,147,171,210,203,99,88,63,75,100,107,133,157,201,196,68,63,76,82,67,74,117,144,173,164,145,114,98,47,84,91,98,191,198,171,140,88,0,12,38,4,0,36,136,173,171,136,71,37,70,75,13,2,36,98,188,206,183,121,87,105,96,113,86,20,13,141,156,117,99,136,169,123,66,47,99,120,115,224,240,131,107,31,53,16,17,21,33,140,148,206,192,201,181,159,34,33,36,0,5,86,104,117,168,190,209,118,83,39,62,113,162,219,202,186,198,134,111,40,48,54,95,243
247,255,213,103,109,124,188,205,222,210,68,33,13,64,12,70,83,167,174,69,17,15,14,18,15,21,28,133,205,223,181,75,33,83,55,72,81,49,74,83,81,65,103,154,149,158,147,103,80,116,118,154,188,255,223,46,28,67,75,82,83,70,57,84,127,214,186,161,32,66,50,0,82,188,189,227,132,34,56,83,22,37,36,82,154,240,218,190,102,63,61,27,27,83,120,191,187,188,118,62,50,71,92,65,23,24,81,99,134,176,182,209,151,144,82,138,170,190,238,236,128,98,103,156,46,2,45,85,116,135,150,187,192,192,143,69,66,51,13,0,0,13,21,87,182,204,190,151,12,33,88,80,119,154,169,224,216,192,104,84,14,62,234
255,248,203,100,46,79,116,152,189,169,14,53,67,106,70,66,101,222,218,154,76,50,51,68,70,51,70,105,135,83,88,132,153,107,101,81,55,14,48,70,66,55,80,169,205,182,157,80,51,69,67,152,186,223,221,175,137,13,50,66,88,30,38,68,135,237,190,118,28,22,30,19,118,136,167,187,224,240,156,69,65,84,66,82,108,166,209,219,121,36,33,77,69,152,140,135,155,183,122,106,132,170,136,32,37,12,69,53,170,153,171,121,33,10,38,64,119,148,222,222,182,175,134,85,53,65,70,68,71,101,86,50,82,78,79,30,34,34,18,2,0,37,70,68,104,135,169,191,83,84,140,119,49,100,119,135,138,173,133,120,53,84,245
254,255,216,50,18,0,3,73,135,177,151,66,18,16,65,15,36,83,136,133,138,49,18,0,14,6,13,41,71,69,98,185,217,226,191,85,87,65,40,0,11,8,0,70,81,225,221,134,0,74,66,14,18,68,115,191,154,102,33,38,85,81,53,0,101,207,170,73,32,66,62,88,14,139,152,191,223,239,152,84,15,71,80,69,82,152,178,216,223,148,175,86,67,83,64,70,151,185,154,136,154,207,206,184,136,68,0,17,70,66,74,96,136,120,86,88,117,141,148,134,153,152,185,206,189,181,68,17,66,71,13,15,66,124,153,188,172,153,37,21,1,0,3,0,53,82,135,139,30,14,83,69,35,35,84,119,207,205,187,104,1,46,249
245,255,206,88,29,40,1,0,16,80,174,207,217,115,6,13,0,57,17,17,37,116,171,149,136,45,69,54,0,1,6,69,89,146,138,78,83,82,64,55,35,13,4,0,1,25,102,192,218,140,103,46,63,78,125,203,221,222,188,117,47,52,45,55,50,68,135,180,203,58,31,0,32,15,17,31,49,86,63,53,106,96,94,49,54,67,94,108,202,207,213,172,83,72,63,84,38,50,72,67,31,115,153,225,225,218,127,67,93,100,67,36,12,20,48,85,66,46,52,72,81,83,169,218,214,229,84,32,68,83,54,51,84,65,81,106,138,134,134,121,101,109,85,53,13,1,103,119,154,157,85,82,97,84,74,83,82,88,83,64,28,70,239
255,253,219,112,78,19,0,25,0,37,117,148,212,183,83,53,40,43,34,35,28,104,155,194,185,137,84,39,22,28,38,43,68,137,132,157,154,208,157,92,67,19,0,38,47,71,96,109,141,112,104,77,70,49,85,166,169,170,138,100,119,86,70,44,34,51,110,175,167,116,97,87,0,57,31,32,53,87,81,64,78,99,104,135,155,101,119,117,171,134,146,115,171,138,116,66,49,63,81,88,49,86,105,171,152,148,145,95,141,110,67,15,4,13,50,74,63,67,55,27,68,100,136,206,225,218,117,67,136,135,53,50,91,75,68,66,120,158,118,118,51,69,114,102,40,15,70,105,146,154,136,140,89,65,48,67,86,82,73,88,74,102,225
248,253,204,169,117,48,75,70,33,13,0,65,105,208,197,152,117,45,33,83,107,65,82,167,183,205,173,99,66,83,47,70,64,83,79,157,172,180,213,187,173,82,74,34,56,117,77,58,78,146,150,130,135,1,30,85,81,99,123,134,185,173,133,106,26,0,41,122,103,156,155,152,50,81,115,140,113,80,74,104,106,119,98,157,163,134,143,100,153,51,46,119,206,205,168,124,66,159,170,210,83,48,58,111,51,57,130,190,200,190,95,0,31,52,95,159,168,186,99,16,48,33,67,97,156,170,193,184,222,205,33,11,84,65,29,55,78,118,107,63,70,96,161,155,61,32,50,64,195,205,204,165,82,65,34,70,85,69,27,70,117,139,246
255,255,203,135,88,120,136,113,87,17,4,53,84,168,199,193,156,43,3,86,140,66,52,138,151,226,210,201,174,126,100,49,71,53,51,48,67,140,158,194,187,155,140,17,0,73,30,11,54,168,188,206,190,0,32,72,91,95,131,168,203,237,236,188,76,33,34,85,102,136,129,104,67,87,116,164,118,121,100,98,97,71,53,51,121,118,131,136,155,47,38,142,186,181,159,90,68,158,146,150,89,40,38,73,51,26,105,151,205,184,154,18,69,69,107,160,224,241,184,122,12,22,1,6,34,43,106,169,206,183,54,5,46,69,58,0,53,36,64,70,137,155,163,170,86,51,54,49,120,135,186,192,122,122,99,72,85,95,57,47,44,83,231
254,254,212,122,115,136,155,121,44,23,0,49,59,107,137,116,104,30,18,33,45,23,29,33,89,145,136,167,170,183,167,33,16,1,19,0,21,36,105,135,141,149,119,31,32,33,41,34,19,68,82,158,152,31,53,62,33,0,7,87,140,185,215,186,105,61,71,88,165,227,222,171,1,48,57,48,84,184,170,154,104,52,30,15,36,55,71,83,64,60,48,67,84,166,130,51,42,160,124,139,82,53,73,66,87,72,68,101,158,152,174,96,34,31,70,125,207,218,212,203,73,48,12,14,0,22,35,86,122,123,88,51,14,50,96,55,30,38,86,83,107,102,109,70,48,76,129,156,68,100,223,238,243,199,171,85,99,125,119,66,3,59,242
255,252,213,66,36,137,182,121,25,8,44,15,4,17,12,71,81,100,106,65,56,47,66,19,29,73,65,87,64,157,168,70,50,29,38,34,10,5,30,51,67,121,97,90,86,104,75,81,69,85,51,42,94,96,109,47,29,20,21,4,0,110,138,169,117,31,55,65,139,164,176,135,22,28,28,17,87,117,192,201,236,134,102,71,83,32,46,72,22,0,15,68,138,193,158,153,93,92,173,198,124,52,46,68,63,64,14,16,69,88,111,123,84,67,51,124,151,159,117,114,135,120,71,30,30,14,27,67,67,97,153,131,39,67,137,120,78,73,120,109,27,21,0,2,79,120,175,138,50,86,187,205,238,219,224,170,112,89,62,56,0,53,237
255,254,211,124,82,85,142,134,133,121,81,89,113,86,18,67,102,151,204,187,187,100,2,67,86,134,120,81,135,117,105,81,103,102,101,84,71,65,50,69,51,32,33,154,184,192,156,49,3,79,70,67,62,47,84,156,123,14,11,16,3,1,0,20,31,106,113,119,154,136,156,203,233,211,139,37,29,84,85,84,122,101,106,80,27,109,87,81,70,14,0,19,46,66,91,84,81,122,137,140,179,190,169,119,85,51,34,14,82,48,22,81,87,116,104,64,31,36,64,71,69,63,104,121,131,136,7,0,16,20,103,153,190,147,106,52,31,18,122,148,138,140,135,158,109,62,32,34,13,21,61,105,154,152,170,156,206,220,138,64,43,83,250
251,255,198,82,49,82,135,137,103,116,154,155,130,49,0,31,49,48,90,100,134,117,88,31,50,69,31,55,65,67,48,13,36,86,67,84,71,83,98,106,86,12,21,103,114,171,119,50,48,100,103,54,30,49,89,202,209,111,55,9,65,19,1,0,0,35,33,76,69,66,87,136,186,209,149,83,70,81,66,86,65,74,82,82,35,81,84,85,105,65,57,48,81,85,89,65,86,103,104,105,114,154,167,168,151,155,37,14,38,36,0,41,36,62,102,89,64,48,90,65,49,36,68,101,105,108,0,18,0,23,34,65,120,135,137,84,17,17,106,99,164,190,222,204,102,86,50,49,50,47,101,74,67,88,104,168,200,208,50,32,30,93,243
249,254,222,117,72,36,55,64,70,98,193,171,138,91,81,50,49,60,79,106,121,186,201,154,122,36,55,26,6,0,21,16,9,19,36,98,137,156,169,118,80,60,42,63,106,169,171,153,153,123,101,49,45,33,48,171,177,179,136,105,66,66,49,47,28,1,0,0,13,0,2,49,173,199,153,104,81,65,77,81,152,78,73,36,100,186,181,189,118,76,62,37,31,19,66,117,149,119,102,65,167,143,133,89,132,174,34,0,33,34,0,17,80,106,95,19,36,31,54,48,38,80,151,177,116,64,13,34,55,65,84,88,120,100,93,30,18,0,154,188,209,222,199,135,97,93,35,54,33,35,32,26,34,93,132,231,171,130,1,33,46,66,232
250,255,197,193,122,17,0,20,45,80,129,119,116,116,111,91,86,47,86,98,104,208,236,224,207,116,83,38,4,29,28,0,2,3,0,102,117,167,178,152,105,98,99,41,31,138,148,156,168,151,139,83,75,31,31,84,121,143,107,113,142,88,59,90,84,59,31,37,35,19,1,14,131,156,156,98,121,121,83,50,137,54,32,10,105,171,172,151,121,111,119,78,41,0,59,121,175,134,68,55,133,168,146,76,109,111,117,103,86,73,31,51,139,135,120,33,36,46,35,0,31,109,146,152,136,89,57,75,96,119,119,123,135,134,80,30,21,17,150,160,200,181,181,131,108,97,47,31,35,37,0,34,88,108,140,147,100,76,83,52,56,61,253
255,250,208,183,155,104,41,37,2,9,49,73,82,36,55,64,66,31,49,66,63,175,184,182,182,155,93,12,0,58,19,35,2,8,6,71,85,91,118,136,145,138,147,43,46,58,44,97,173,222,218,135,103,119,68,51,31,50,38,86,137,82,38,48,98,166,134,152,120,82,48,31,52,32,80,140,187,184,122,67,45,19,15,34,45,60,73,55,97,123,112,138,65,32,71,99,103,81,70,29,69,135,133,141,94,90,156,136,69,47,50,48,113,124,152,147,169,158,63,2,0,20,37,55,49,102,100,142,172,147,27,48,120,133,156,155,61,53,67,64,81,90,115,139,163,179,167,137,82,63,1,30,67,57,88,73,119,113,189,84,16,48,255
249,252,220,155,136,140,49,11,17,50,72,98,95,56,87,100,101,62,31,39,46,47,88,104,111,114,104,68,30,54,34,0,16,2,0,32,36,0,30,85,109,153,137,99,103,51,50,72,100,154,189,161,145,140,136,10,16,32,49,86,116,66,33,19,87,174,191,185,156,152,175,113,14,0,57,97,173,221,163,132,70,67,69,48,49,89,55,0,53,27,55,55,85,134,152,189,133,76,81,83,87,102,122,133,140,136,187,168,130,103,46,18,72,116,160,161,169,183,119,71,16,2,0,13,11,0,103,163,151,131,5,0,34,106,119,149,112,63,76,88,16,19,31,85,177,204,222,223,86,89,49,36,34,78,63,82,119,150,210,148,55,79,240
255,255,202,116,67,82,67,74,68,88,78,125,159,199,221,203,155,6,86,98,123,84,66,66,76,132,154,176,191,95,72,33,0,25,17,58,100,187,127,36,17,66,99,210,220,206,151,30,20,42,108,136,142,33,48,73,87,71,106,118,138,35,18,0,15,1,47,62,89,49,46,160,116,92,64,82,50,84,160,193,188,153,133,64,38,14,29,69,69,70,69,43,16,37,121,202,221,200,140,70,68,81,98,85,50,25,88,166,195,186,121,45,19,50,81,82,66,72,87,78,20,65,138,134,29,5,21,32,90,119,104,55,17,0,50,85,115,134,117,63,0,15,4,50,116,135,95,91,84,87,144,104,0,49,63,158,151,143,190,206,80,111,239
253,243,224,58,15,16,72,85,71,96,138,98,84,150,211,152,122,71,69,80,87,51,0,19,33,103,105,129,88,141,126,103,72,11,0,68,109,150,105,80,65,16,19,66,84,101,104,66,61,130,129,165,169,169,156,100,68,11,0,85,194,203,171,71,48,15,1,17,72,79,92,129,103,67,82,67,90,64,171,214,235,243,239,172,99,1,0,24,49,136,120,15,23,0,60,161,227,236,206,165,52,93,71,81,34,0,125,185,231,221,133,15,78,55,32,87,89,63,104,139,136,115,89,82,33,3,0,18,150,183,211,168,118,100,55,17,66,111,170,190,84,50,0,55,33,12,88,66,133,154,240,207,1,13,25,70,29,12,82,101,65,104,241
254,255,203,45,7,0,94,69,68,32,48,35,32,84,154,203,205,148,75,82,80,89,47,66,54,11,49,125,133,166,174,48,20,0,33,70,83,103,102,138,117,36,15,19,28,67,83,104,137,63,48,156,189,154,99,35,16,69,20,49,117,153,174,169,142,0,19,1,11,24,29,104,70,79,88,86,29,16,87,122,192,199,189,151,99,67,37,0,31,32,53,63,53,0,54,151,186,240,202,195,117,144,159,66,68,50,100,100,211,200,225,169,87,50,17,81,32,35,101,84,105,83,65,85,38,1,16,2,152,158,129,98,87,85,81,52,83,83,169,186,170,121,0,68,69,66,13,38,169,182,246,200,66,58,47,82,31,20,81,123,177,147,241
248,255,220,102,70,0,41,48,82,144,129,104,68,35,81,117,119,100,69,71,80,84,71,33,36,0,22,24,28,53,54,48,65,16,20,18,16,36,15,66,122,59,31,1,16,17,18,31,31,15,0,89,104,96,105,65,68,17,50,55,12,36,48,172,169,122,48,4,0,19,0,11,36,64,87,83,61,70,40,29,107,101,114,106,121,184,148,119,14,0,5,34,83,19,16,29,67,102,134,151,207,185,154,16,49,82,73,66,119,115,173,183,133,49,20,15,15,0,32,17,15,30,88,82,13,3,0,18,62,109,98,133,228,184,113,34,70,59,138,174,201,187,155,85,49,19,125,113,87,53,111,137,171,149,136,84,69,69,17,63,105,139,231
255,248,205,123,51,1,0,37,85,184,231,135,80,35,29,73,80,88,118,148,154,133,124,43,51,52,71,81,46,50,64,110,123,30,27,0,1,0,12,19,27,43,53,81,85,84,57,72,82,69,52,151,187,185,186,75,28,52,67,70,34,50,50,103,116,63,34,19,27,0,0,22,46,122,112,128,107,81,25,0,59,103,89,114,165,206,174,137,104,77,49,51,36,0,26,57,84,119,178,190,233,226,204,153,102,84,32,33,37,46,103,176,187,175,150,117,107,87,48,52,16,11,89,118,122,118,68,1,30,71,185,205,234,206,124,17,13,43,138,184,223,206,153,114,34,0,82,70,47,52,93,131,219,210,187,84,33,45,103,105,135,153,245
255,255,229,182,119,25,13,13,33,170,236,208,176,16,16,60,75,83,93,127,100,188,187,139,103,91,97,89,86,90,64,135,153,159,100,22,16,48,56,50,39,69,47,44,73,102,105,84,117,83,95,208,226,190,170,62,88,119,132,138,119,109,85,83,92,73,33,62,66,73,30,12,51,140,167,184,137,49,21,17,37,33,45,110,117,122,154,148,132,101,67,46,0,16,22,31,81,101,130,131,214,212,207,193,129,123,70,63,33,53,79,61,141,164,192,174,131,103,86,83,52,70,83,63,69,86,79,0,50,64,176,204,239,191,97,0,56,41,121,133,171,187,186,164,49,19,2,20,73,80,65,121,165,190,220,137,55,15,48,83,120,133,247
249,254,197,173,153,135,10,26,0,63,156,151,195,135,138,106,58,70,21,27,72,155,179,188,164,72,67,28,73,58,71,141,191,199,156,14,16,74,84,116,135,189,157,18,0,95,106,186,186,156,164,130,133,88,88,49,51,1,63,51,0,5,2,1,0,78,98,137,94,86,68,97,67,81,104,141,172,135,97,65,0,18,18,65,78,138,150,192,187,157,143,50,21,85,85,79,52,9,50,64,134,175,185,182,155,133,80,86,17,17,2,89,183,170,137,130,153,137,67,84,186,181,156,16,14,16,24,0,88,62,120,151,192,169,135,85,59,89,91,66,86,82,137,75,70,86,0,0,12,26,68,71,87,103,139,167,168,152,86,87,9,59,234
255,255,224,240,237,240,87,33,18,70,83,125,134,122,84,10,6,28,96,29,11,35,71,82,105,187,170,88,15,52,76,0,13,5,14,17,0,0,3,2,24,38,86,18,19,85,152,237,242,198,172,52,19,82,117,51,0,20,29,87,81,82,53,0,4,8,0,24,70,21,0,0,0,70,87,65,62,87,85,85,87,16,0,11,22,83,87,82,122,187,180,84,13,137,169,227,174,0,53,91,63,85,83,153,208,219,138,83,85,52,17,61,84,170,216,250,137,73,45,88,170,203,203,194,175,129,49,5,70,70,87,84,130,173,166,138,161,150,66,88,132,143,90,28,53,79,22,1,73,70,0,17,66,86,81,141,166,190,186,130,0,51,235
249,247,209,148,124,110,70,64,44,87,102,78,53,125,170,189,150,50,47,51,54,45,93,83,102,165,175,154,123,102,95,23,21,33,54,53,44,8,5,11,1,24,16,52,32,29,123,205,226,102,82,89,48,37,72,51,67,102,101,55,56,36,40,21,1,38,19,0,20,6,8,20,19,52,49,52,55,67,106,121,149,120,120,105,65,35,30,16,46,67,58,28,58,89,130,186,224,206,131,82,92,103,100,69,101,119,158,120,102,120,92,93,71,104,131,185,149,132,92,65,65,87,127,129,164,210,137,63,47,68,66,80,88,105,138,165,169,183,143,103,44,61,120,86,67,93,101,123,169,150,109,84,51,32,16,93,151,164,227,191,55,85,243
255,254,222,103,66,0,97,86,91,81,156,103,85,132,219,240,209,72,82,85,71,34,76,17,31,163,157,185,191,179,172,36,0,105,99,94,71,24,0,2,0,0,37,87,83,2,68,151,182,109,101,100,94,0,35,83,98,157,102,49,2,5,0,12,14,79,56,19,0,21,8,0,0,66,86,69,34,0,19,0,154,222,201,188,118,82,40,0,49,87,66,21,63,64,135,195,242,248,193,133,84,80,54,0,21,0,117,151,189,171,147,58,81,61,113,137,170,193,169,157,86,68,59,90,148,202,197,151,86,88,82,92,69,112,160,134,186,192,217,192,20,41,77,72,84,77,71,132,240,224,187,169,82,37,22,98,155,144,182,200,78,100,241
254,253,205,117,72,72,87,102,169,152,85,48,14,54,69,117,117,104,150,171,153,66,87,15,18,33,65,119,150,189,170,66,56,78,84,41,32,0,26,65,106,155,122,26,42,0,23,50,73,93,136,178,144,76,69,84,87,96,87,63,50,72,56,2,16,19,16,0,14,0,4,2,0,40,12,19,19,1,0,19,36,95,137,190,185,85,73,63,70,78,70,65,134,83,88,114,186,255,225,201,51,68,84,101,34,12,90,84,182,191,167,139,134,108,76,103,103,98,173,170,35,27,39,11,86,101,151,135,137,116,134,136,114,125,96,88,118,103,116,101,69,60,91,66,35,33,15,38,103,113,125,68,18,16,0,36,36,61,103,141,174,154,244
254,255,199,85,19,30,15,68,98,105,102,51,30,30,54,101,116,155,186,136,120,34,48,50,46,21,30,102,101,99,103,67,35,84,117,106,84,30,16,48,48,83,121,60,52,28,34,16,13,125,134,102,69,118,102,67,51,85,70,48,33,68,68,13,37,0,14,12,0,0,6,0,12,49,56,48,16,3,0,1,1,22,47,105,101,61,74,48,36,11,37,103,158,82,67,17,102,152,171,173,136,134,142,152,51,0,39,16,100,117,192,169,121,119,83,29,69,82,186,225,174,151,72,86,102,116,84,82,88,101,136,160,146,133,73,31,51,50,63,90,149,117,69,50,30,19,19,19,71,84,122,116,119,80,71,35,0,17,38,70,114,135,242
251,250,222,70,10,2,36,15,2,80,188,172,156,30,62,67,85,85,133,142,133,78,109,82,85,91,118,117,88,102,85,97,77,124,137,215,203,173,96,87,53,89,77,89,80,151,137,118,68,65,70,108,60,72,139,205,203,132,167,126,94,85,84,156,116,26,1,0,3,2,5,5,27,0,0,5,2,0,18,0,1,22,3,0,4,3,0,21,14,23,15,12,67,69,35,21,50,82,67,67,120,117,116,137,69,24,12,20,65,100,183,240,240,238,194,105,76,88,101,148,153,168,195,128,84,73,29,21,6,0,73,83,92,70,81,86,34,12,124,138,206,224,219,149,100,87,91,77,0,22,79,52,2,52,65,31,60,87,78,36,22,51,233
252,255,204,120,64,0,63,51,12,69,136,172,186,51,17,50,78,73,65,64,91,140,130,155,136,61,88,61,106,120,149,174,142,13,65,224,243,242,131,36,13,46,71,80,93,154,121,53,4,12,10,86,92,21,0,120,152,192,172,181,197,101,85,64,72,0,21,17,26,7,0,0,0,0,13,18,0,22,3,3,16,2,0,12,0,20,0,3,2,64,83,70,0,1,18,10,37,86,30,14,7,16,13,88,133,198,113,80,110,104,139,185,237,238,234,209,138,62,123,135,203,233,239,192,69,12,55,0,18,35,81,89,85,85,85,87,100,85,66,60,89,76,77,42,67,94,136,120,42,14,65,68,0,60,87,82,91,79,89,46,66,102,237
253,253,215,155,122,150,162,115,87,86,88,114,149,242,223,85,71,118,90,48,24,56,61,104,105,149,156,158,134,127,120,169,169,101,66,118,137,204,186,148,123,100,86,32,34,84,42,16,30,96,66,104,94,63,108,170,152,118,134,188,217,186,154,52,51,83,51,12,17,0,0,6,16,17,51,62,69,14,0,19,26,37,37,34,34,12,44,37,33,57,52,51,9,41,30,35,44,88,81,49,77,17,19,31,33,16,106,150,134,113,82,186,210,192,167,201,173,158,8,35,73,102,131,149,187,206,141,53,32,52,91,98,129,101,105,135,150,160,50,56,24,69,155,111,84,43,144,175,166,160,50,64,104,71,46,87,111,117,155,136,63,109,226
255,251,207,150,151,190,179,143,80,85,86,115,159,220,236,99,81,114,70,33,5,11,0,51,98,191,188,165,154,138,143,150,151,87,39,61,99,180,211,214,188,147,142,28,0,92,55,2,14,49,101,87,91,74,92,212,223,189,164,180,228,200,192,77,85,73,54,7,0,16,3,14,13,2,32,90,80,5,4,0,9,0,22,4,4,4,0,0,0,67,72,58,9,1,0,23,51,72,32,26,68,17,18,11,16,33,64,80,78,90,82,188,182,151,174,240,218,204,18,0,79,90,156,193,210,222,157,75,13,18,75,87,140,125,66,69,120,140,46,0,6,48,136,90,37,2,133,151,223,202,74,84,142,118,75,69,87,95,133,148,89,95,249
252,252,202,134,66,91,138,97,91,71,64,86,73,77,92,82,72,104,65,89,82,33,88,82,65,154,189,246,240,114,98,239,241,85,51,68,71,71,100,179,216,197,167,13,19,80,71,100,140,187,200,133,85,0,69,184,188,222,206,174,130,182,209,220,235,185,151,81,87,15,0,4,23,0,0,1,16,0,0,3,0,22,1,0,0,9,30,2,0,18,0,4,1,4,28,13,69,63,43,0,74,93,102,211,240,245,78,0,72,81,88,187,144,65,34,142,198,241,88,0,76,59,103,62,95,66,81,87,138,136,83,78,0,0,21,85,82,81,72,88,14,39,81,28,19,0,73,123,239,239,185,100,23,0,0,0,42,79,137,137,151,137,242
255,247,204,110,44,69,82,90,61,83,87,87,52,97,101,174,168,169,118,100,125,31,22,10,17,72,67,72,108,156,171,209,190,63,31,54,44,70,84,121,142,170,134,17,4,51,49,54,45,118,126,151,142,34,57,66,98,83,141,115,101,106,114,175,211,131,121,102,135,42,65,136,98,34,33,75,13,15,3,0,15,66,87,112,127,79,77,82,19,30,36,0,17,40,67,104,154,152,122,93,35,1,33,46,148,206,139,51,36,51,95,53,62,85,101,170,222,243,174,86,82,88,54,32,52,85,77,87,84,108,167,176,120,110,37,35,37,47,101,120,139,96,76,30,3,0,42,36,146,154,190,171,100,73,52,34,89,69,51,51,118,143,235
255,254,217,118,84,86,88,85,137,172,132,65,52,69,67,117,137,120,49,120,115,99,16,19,15,30,18,23,44,137,189,204,173,82,104,31,14,38,48,102,117,152,137,86,81,113,110,29,34,51,66,70,97,135,82,51,48,74,61,91,67,50,68,82,112,190,130,119,151,115,106,118,154,154,153,183,124,1,15,33,0,50,47,94,113,243,237,188,47,73,67,1,6,0,0,0,101,188,189,170,52,14,18,53,117,187,191,170,98,120,137,33,18,33,66,68,138,168,219,223,154,98,82,50,67,85,91,51,66,102,152,167,136,86,64,82,65,49,155,173,152,104,80,88,34,11,12,50,51,70,118,135,152,98,75,50,44,56,87,86,51,79,241
254,248,208,118,87,106,86,61,63,158,204,158,151,70,47,16,12,108,148,156,154,117,55,12,17,63,85,71,66,71,84,170,167,192,151,71,67,69,69,99,81,105,100,154,186,208,161,102,101,118,99,124,152,170,156,12,1,15,118,170,205,166,139,65,123,165,160,120,114,125,83,49,136,173,181,201,137,32,83,102,70,66,48,90,100,223,187,170,46,53,48,5,28,49,54,50,119,172,167,170,135,85,118,187,176,148,173,167,109,105,118,100,116,152,154,101,34,0,134,167,169,154,55,31,68,101,48,50,86,71,112,138,102,66,29,105,72,45,70,138,168,170,170,168,100,48,122,100,15,19,83,84,118,137,165,143,100,64,123,122,54,78,248
255,255,214,123,84,147,154,178,134,58,8,62,106,115,142,115,104,71,20,9,3,33,10,0,17,35,49,131,159,101,44,3,18,13,18,36,58,137,131,172,201,223,204,70,12,79,92,64,54,133,152,99,65,136,78,22,15,19,46,92,115,147,162,165,96,155,183,210,98,14,16,70,14,49,80,137,68,86,82,104,101,155,135,123,97,63,64,84,37,0,11,13,21,30,53,48,66,85,68,69,105,196,203,224,184,159,3,22,51,66,69,34,55,85,112,136,98,51,64,36,0,23,76,125,144,136,176,183,147,136,38,45,103,80,92,102,132,152,154,102,63,66,101,53,123,135,228,217,66,52,14,50,50,21,35,65,156,154,177,171,44,75,238
252,255,203,112,70,76,112,130,175,79,55,64,79,122,171,152,117,35,22,32,45,72,51,18,12,55,48,103,134,170,155,51,0,4,16,75,117,138,119,104,86,142,151,69,59,32,44,70,45,104,119,192,172,181,158,11,0,0,76,83,68,121,114,118,94,44,116,175,150,108,93,119,33,84,101,93,67,92,80,88,99,209,210,183,154,74,84,89,47,89,86,43,7,5,0,0,46,120,113,126,40,142,176,200,141,98,34,2,43,36,34,2,1,15,75,101,84,82,56,55,18,13,47,102,127,98,166,171,125,103,50,54,65,101,108,83,81,125,168,156,87,86,100,68,47,66,151,155,174,167,139,116,0,15,6,33,83,96,146,104,95,112,242
255,253,223,118,75,0,90,108,132,138,65,88,88,123,184,155,119,17,14,58,82,66,64,16,16,67,84,107,134,207,206,43,14,13,13,68,103,133,105,22,0,83,80,107,62,1,36,86,47,89,119,238,232,233,150,17,6,19,83,101,81,70,77,87,59,19,70,154,190,152,157,153,66,83,85,90,84,81,70,65,140,212,220,204,133,86,71,74,68,138,132,59,7,13,10,3,33,158,135,150,34,119,151,189,101,90,58,0,7,0,0,12,0,0,16,66,89,69,50,0,0,13,20,91,70,111,158,147,83,61,87,69,83,117,101,83,72,79,169,134,103,68,87,79,13,23,68,64,202,222,234,191,2,16,0,0,69,93,42,65,127,137,244
254,255,202,92,3,21,71,93,152,137,84,48,23,16,31,106,121,130,95,125,120,38,18,13,21,67,51,51,45,106,77,160,174,155,157,85,85,85,45,40,7,46,66,125,114,88,45,17,69,62,66,89,103,118,98,85,79,55,12,18,0,33,58,44,54,90,52,51,112,132,138,117,120,119,100,79,107,84,35,0,0,16,52,127,151,207,163,124,14,45,40,17,17,37,33,33,54,31,69,55,101,102,105,65,115,170,188,179,173,142,80,37,54,72,54,47,50,48,105,125,67,32,13,29,35,33,62,88,106,105,84,82,70,67,46,7,30,35,90,121,92,89,35,18,13,37,31,34,144,134,178,167,136,125,83,79,55,46,20,35,87,111,234
248,255,198,65,4,0,92,102,154,151,138,87,73,0,2,49,50,37,58,82,114,104,23,23,14,99,107,101,75,43,76,82,79,122,159,131,116,72,104,47,33,18,19,79,86,95,91,83,70,57,68,29,0,88,69,100,91,113,72,70,62,43,29,83,89,25,32,0,37,66,91,135,194,131,120,109,120,45,65,33,31,20,31,81,139,205,195,167,89,89,83,0,14,28,71,81,115,34,16,0,85,47,19,30,88,116,191,186,168,162,144,83,79,51,47,59,46,49,75,131,105,102,74,70,91,100,43,51,101,102,152,143,133,84,70,0,4,13,50,84,71,65,64,67,53,31,2,18,117,110,120,154,187,164,135,162,155,135,0,53,71,98,238
255,255,223,85,48,37,44,51,33,86,131,122,115,33,18,1,13,14,28,56,69,154,140,46,53,153,151,139,120,47,25,17,7,27,82,177,152,129,123,100,98,17,22,37,34,129,112,139,125,105,84,46,57,43,31,71,49,119,138,148,144,88,69,69,63,54,34,48,15,77,40,104,179,207,189,183,155,101,93,83,69,53,45,71,103,127,153,187,166,136,136,117,34,43,90,178,208,156,92,37,53,13,52,87,62,84,118,169,174,184,194,167,55,87,18,0,1,0,9,60,90,76,135,166,203,207,138,84,169,166,191,183,190,175,115,87,62,35,50,51,70,82,126,119,102,62,16,17,71,97,23,87,155,172,225,234,210,232,116,104,62,89,245
253,252,203,238,190,39,0,38,67,85,191,147,139,22,0,3,1,15,0,32,13,68,15,68,103,129,177,134,10,20,39,15,11,5,27,171,189,238,225,84,21,46,50,0,19,0,21,32,40,133,173,188,166,19,18,47,67,91,139,153,184,187,168,188,172,16,48,86,85,14,39,66,86,153,134,100,66,105,62,86,67,84,85,97,87,106,117,155,223,241,237,104,32,11,35,83,171,179,162,132,133,36,47,68,89,65,68,152,187,207,217,224,134,73,49,81,34,2,1,0,0,37,156,155,153,152,153,150,154,120,30,30,80,120,138,154,55,0,27,70,80,87,82,69,115,163,66,67,82,46,6,14,0,87,153,171,244,236,218,136,3,48,237
254,254,198,143,113,167,145,113,70,79,88,89,83,100,135,171,185,206,175,122,62,35,81,119,154,189,170,168,207,190,132,85,135,135,67,68,64,37,39,44,83,118,151,207,204,140,103,47,0,17,34,87,101,109,161,165,171,140,133,114,84,40,43,86,105,79,103,134,172,85,53,13,17,16,85,136,117,82,66,86,139,134,137,119,66,67,87,81,48,103,121,202,224,137,82,17,30,105,82,105,80,204,225,238,208,169,138,81,80,86,101,50,135,137,85,20,0,27,150,188,171,187,169,153,104,83,52,17,17,27,91,69,80,84,64,82,63,91,151,184,89,65,17,101,99,72,85,100,192,182,211,218,166,139,68,53,30,50,91,46,1,67,239
252,251,226,102,88,153,151,121,99,70,69,43,70,82,122,149,155,192,194,155,104,40,88,102,110,176,139,158,154,152,118,106,136,155,98,106,86,28,13,34,69,107,117,204,192,141,99,73,54,36,55,84,89,122,133,175,168,129,127,123,82,32,29,69,63,59,82,121,164,104,82,53,31,41,66,121,140,98,98,101,136,157,166,157,97,63,82,89,20,64,84,190,219,183,125,47,34,116,104,101,109,181,203,221,215,205,131,95,70,80,57,0,133,122,99,45,14,29,129,194,167,168,172,117,118,110,77,39,15,41,76,71,68,47,72,86,81,83,155,153,107,76,55,114,87,82,67,120,183,166,184,168,174,120,80,53,35,30,43,58,22,64,243
255,255,198,135,86,35,106,80,100,77,60,40,0,31,68,37,14,29,61,115,168,212,204,80,38,29,49,51,63,52,55,82,83,108,97,187,172,68,35,0,0,4,18,74,102,66,101,132,133,122,123,98,83,83,70,101,107,119,149,153,152,89,82,84,14,1,10,21,36,51,55,98,205,116,91,21,87,161,155,135,103,150,170,208,190,137,100,66,85,83,64,69,67,139,154,190,137,101,135,150,138,37,33,49,145,165,173,112,81,52,0,74,120,139,148,175,155,146,68,45,84,104,138,66,104,115,176,184,168,153,87,99,69,56,42,16,50,92,101,81,169,190,220,189,168,169,71,85,35,50,77,99,154,164,190,186,153,126,106,79,24,60,255
249,252,220,139,97,49,120,141,136,169,184,155,123,81,80,18,18,0,16,32,67,223,227,206,167,86,66,37,35,83,90,44,34,29,72,117,136,70,62,12,17,0,23,8,23,88,87,137,143,176,153,120,69,98,116,53,44,108,115,120,105,114,120,123,85,18,0,1,12,36,59,120,207,204,154,91,60,44,75,70,31,70,63,113,157,171,166,189,84,49,35,15,13,87,117,187,152,120,87,67,68,0,20,53,56,122,118,139,95,53,0,54,62,87,109,130,157,172,126,82,85,65,63,32,71,80,106,119,183,189,125,68,27,51,70,50,69,73,53,33,87,117,202,224,220,209,132,98,18,11,17,49,117,162,170,172,174,163,132,106,3,50,248
253,255,207,85,34,89,49,77,118,139,152,153,156,128,118,31,15,0,4,18,2,152,230,239,245,195,177,58,7,66,62,23,17,48,53,101,106,115,110,71,68,55,32,20,3,39,51,64,115,156,165,174,166,143,118,15,17,34,37,31,34,119,140,142,102,1,15,16,37,48,34,69,114,194,145,107,70,63,20,0,47,38,68,126,131,182,176,150,107,53,49,52,58,61,105,123,154,104,58,11,34,69,46,80,58,31,71,109,68,67,54,47,54,28,36,37,44,61,154,173,120,105,0,4,30,35,36,32,141,176,151,128,107,134,133,120,102,88,4,2,28,81,152,188,154,155,131,155,116,92,13,0,32,64,120,150,181,208,193,152,63,87,230
250,255,219,111,81,69,88,53,0,32,135,161,185,175,191,184,153,74,14,50,79,99,152,167,202,255,239,189,80,68,88,80,69,1,15,12,13,13,36,63,84,31,29,84,96,0,17,40,90,69,89,118,141,144,119,102,86,66,85,65,85,94,111,235,206,84,105,83,105,15,11,15,15,21,36,81,153,184,121,92,17,2,32,70,82,113,101,132,94,91,81,0,20,0,34,76,133,154,144,138,142,35,20,19,0,6,0,0,21,36,79,156,66,53,16,0,57,89,189,234,193,144,16,16,73,65,73,80,82,65,34,16,109,133,188,189,188,186,28,14,21,2,4,65,120,132,144,165,240,221,181,126,69,82,79,63,87,105,176,206,193,168,229
255,254,203,126,55,11,71,68,0,13,1,99,135,176,160,31,13,19,79,91,69,56,87,134,172,239,251,238,192,42,21,83,64,0,41,88,52,0,12,38,105,205,225,244,200,85,92,49,5,0,32,87,85,187,206,225,207,154,104,56,16,60,51,79,136,185,203,231,179,87,94,67,69,0,73,132,226,254,206,183,18,47,64,0,1,78,149,230,240,219,228,50,14,14,18,7,151,255,244,241,147,181,162,81,34,4,25,2,0,32,151,173,149,90,100,64,88,62,168,224,237,241,229,129,48,5,0,1,4,18,1,20,134,172,189,184,149,161,171,132,40,0,0,0,54,80,78,90,203,221,222,187,82,35,11,62,80,80,153,173,222,193,233
254,252,204,202,152,72,13,35,70,32,0,17,33,51,83,169,207,204,134,104,80,81,85,82,98,156,203,222,221,221,224,117,70,17,26,36,14,11,8,26,3,129,174,186,185,175,152,119,70,67,52,15,29,37,66,101,100,151,102,46,0,17,38,69,86,82,156,183,205,103,81,83,88,14,52,87,151,184,135,101,67,67,71,2,12,20,50,118,223,238,237,65,75,78,37,12,69,98,169,203,190,105,65,18,50,68,32,14,2,14,41,151,225,165,103,15,65,72,71,84,154,151,148,191,64,0,19,1,0,15,3,0,37,36,66,156,208,218,137,20,62,71,84,68,65,73,86,98,241,239,240,222,86,66,66,88,30,12,21,51,149,159,234
255,255,202,122,81,73,128,159,169,107,0,20,1,63,86,96,87,101,85,67,68,116,172,187,135,36,13,68,102,152,150,87,84,175,171,84,68,63,40,29,67,140,138,120,99,15,66,122,185,228,222,185,169,72,64,88,79,86,33,32,62,162,147,140,62,1,15,37,85,134,136,137,168,126,65,17,15,31,63,69,80,127,138,116,155,201,171,120,116,140,150,16,86,188,150,118,50,18,70,82,81,84,106,117,86,81,100,122,65,68,88,81,87,77,89,118,172,166,99,70,138,130,72,43,9,17,47,84,119,104,29,18,67,35,13,34,29,35,32,6,82,101,144,182,210,199,136,102,79,86,99,137,138,165,207,225,146,132,86,88,14,63,241
249,254,224,121,68,17,22,9,35,133,216,241,234,206,138,35,19,81,135,123,85,118,138,182,192,133,101,64,68,31,30,27,13,82,84,140,138,72,22,41,78,175,180,83,91,71,83,65,84,168,185,168,136,86,51,65,74,86,25,24,18,132,172,216,158,81,38,0,83,83,87,79,208,215,207,176,79,0,75,58,86,78,67,21,121,218,202,188,86,89,85,64,84,179,229,243,167,4,7,1,93,63,62,86,81,71,124,155,131,137,65,93,82,108,152,132,205,237,143,58,80,84,72,0,57,70,167,190,185,154,105,138,150,136,122,67,63,90,32,0,94,79,132,187,235,237,207,174,71,84,0,19,98,93,79,133,165,132,187,152,16,58,231
255,255,201,135,69,48,51,55,62,134,228,204,223,170,207,185,143,73,56,61,87,104,168,211,200,190,157,105,50,16,30,65,50,123,143,183,178,79,68,99,119,175,193,116,104,45,62,74,26,96,97,164,151,169,116,32,29,30,18,31,65,79,122,192,184,137,101,69,48,102,140,153,207,199,202,204,118,30,87,68,67,48,16,0,105,205,188,177,117,79,66,104,121,193,200,218,175,61,72,72,28,76,67,33,30,35,110,167,147,78,65,64,33,32,69,103,136,154,186,158,148,163,98,15,38,9,107,150,205,209,114,99,143,129,114,83,120,113,90,11,36,52,83,124,132,154,205,185,90,90,18,50,66,70,73,94,101,143,173,148,71,84,233
250,251,206,139,84,71,81,84,84,85,113,139,135,174,156,223,226,203,102,82,80,35,66,61,82,73,100,146,141,102,72,15,33,0,31,150,175,134,94,37,71,143,169,169,135,38,50,83,71,9,16,46,86,174,149,109,87,103,103,87,66,71,65,65,121,115,123,104,39,65,60,64,111,90,89,82,50,35,50,99,80,23,34,0,50,65,84,62,123,81,71,70,67,0,65,140,153,138,101,58,34,81,67,14,49,65,145,121,133,120,106,102,105,105,62,65,21,10,99,131,142,130,167,138,47,23,69,124,217,227,151,64,63,80,72,83,117,144,168,159,101,80,21,44,33,0,62,95,192,169,152,131,0,0,0,49,21,13,0,60,75,97,250
255,253,224,185,171,34,101,68,87,47,17,52,68,36,3,27,47,177,181,146,100,35,66,57,68,72,84,124,147,155,147,70,43,7,4,70,72,80,79,49,0,4,35,156,168,149,127,61,30,7,16,90,44,4,33,111,157,167,171,134,74,16,13,86,72,78,122,155,147,123,73,14,93,113,119,80,85,144,131,134,105,66,67,2,53,72,68,74,83,51,26,21,0,22,37,63,30,86,89,106,131,157,139,102,52,32,0,22,0,39,129,223,205,151,110,106,45,22,36,83,29,15,90,72,31,11,16,0,72,78,192,187,33,10,32,47,38,29,105,133,190,162,83,11,17,20,0,17,96,140,152,102,50,38,35,16,18,33,48,29,0,60,244
255,249,197,175,155,185,159,120,82,93,62,31,15,32,71,130,155,183,190,181,190,63,0,13,37,59,89,103,133,230,239,97,7,13,0,3,36,136,160,68,17,14,0,63,93,135,150,176,154,33,13,0,19,0,51,89,68,68,66,52,8,17,2,0,14,89,139,183,207,170,122,66,80,71,67,68,52,64,120,159,134,84,45,26,0,12,9,0,122,187,195,64,15,5,11,3,20,68,112,137,136,171,184,182,172,140,56,0,71,83,88,189,238,221,184,153,154,137,48,83,137,106,13,80,66,70,23,21,87,79,193,203,158,91,15,17,49,62,86,70,130,132,83,39,0,16,1,8,92,95,150,175,225,204,185,72,0,17,28,0,13,60,236
251,250,211,119,98,181,207,200,188,168,87,56,17,1,23,67,83,204,242,238,252,177,86,120,117,66,50,30,75,78,86,89,81,83,72,89,62,89,148,241,240,102,46,74,64,16,34,120,155,111,140,56,16,64,58,12,0,13,74,138,191,157,131,86,85,67,109,133,192,185,150,35,69,99,85,70,33,0,0,0,19,71,103,137,61,0,43,91,135,200,209,140,12,64,39,1,10,3,17,0,86,84,104,140,133,152,102,89,33,15,23,11,84,123,177,232,243,233,102,85,80,54,0,18,0,32,66,66,129,125,85,100,154,145,177,137,49,22,31,86,187,207,242,181,50,34,5,22,6,0,20,19,135,170,184,187,155,127,66,48,60,85,244
252,255,212,46,18,90,187,192,189,157,137,98,69,27,0,28,12,91,144,173,191,166,155,101,66,18,35,29,15,67,117,189,173,84,52,0,33,87,142,201,189,26,27,76,69,0,67,155,136,104,83,98,84,158,98,16,29,73,116,167,171,154,138,66,87,0,30,69,184,246,235,172,15,119,82,2,17,83,37,16,68,136,115,100,33,9,0,0,67,137,154,220,174,16,18,0,19,13,35,88,65,82,73,82,123,132,139,134,134,120,57,72,0,43,137,243,235,243,95,70,83,86,85,84,31,0,117,142,136,151,166,193,153,122,101,137,102,67,81,100,172,185,187,155,140,154,0,3,0,23,0,55,157,131,155,134,98,90,82,52,3,55,234
255,255,205,73,0,21,49,34,28,39,85,154,167,205,160,97,66,68,36,37,54,116,186,225,205,204,156,34,1,68,81,118,154,174,169,103,29,13,34,51,88,162,170,191,171,67,86,118,137,87,85,120,138,151,153,204,154,83,33,53,116,79,114,131,114,91,64,86,90,116,99,82,87,132,139,115,65,16,13,18,15,19,31,0,49,135,151,174,157,27,40,114,105,130,134,173,133,2,49,81,132,104,63,18,48,102,117,88,30,51,142,114,17,0,51,109,118,114,105,137,134,139,101,12,54,70,112,86,29,17,70,101,140,153,186,203,189,172,103,146,96,82,34,85,85,79,175,187,137,99,6,32,98,92,91,47,12,17,129,139,84,100,241
248,253,223,99,75,14,33,18,23,13,7,88,138,169,162,152,168,124,89,64,42,50,81,170,200,200,171,102,66,99,106,82,83,104,118,134,135,85,68,85,65,85,129,148,152,99,89,33,66,82,86,68,61,54,99,155,172,117,87,78,73,37,43,121,90,149,155,170,111,74,49,88,29,17,49,74,101,137,128,113,87,49,52,71,49,35,55,60,66,86,79,106,69,105,123,148,171,131,171,179,173,181,159,98,88,101,97,87,106,137,163,174,137,149,160,101,49,36,33,12,72,69,94,101,171,196,152,90,55,50,99,97,135,152,153,139,101,98,104,107,77,53,0,37,99,124,161,195,132,122,82,48,35,18,0,25,32,33,63,125,144,134,242
255,255,200,136,100,100,125,102,60,23,7,45,93,134,190,158,138,151,136,66,23,50,78,69,53,109,109,170,187,177,139,69,50,109,102,125,138,183,151,86,51,51,45,123,151,159,138,79,50,68,72,38,39,42,85,206,200,207,192,135,121,93,110,115,116,155,188,210,217,192,146,81,52,35,31,29,69,108,97,105,118,141,141,164,174,102,49,2,17,118,122,140,78,85,85,85,97,140,132,166,69,154,168,166,152,121,85,85,56,53,55,99,118,156,186,165,136,105,9,18,0,0,17,50,101,138,211,196,168,154,137,124,131,103,106,61,86,90,151,195,183,155,57,28,70,75,90,68,46,51,89,87,97,66,42,68,107,81,5,16,78,107,231
248,247,225,172,155,135,171,169,192,60,3,52,60,105,115,134,118,130,124,98,83,84,72,2,0,3,10,35,60,63,97,49,17,35,31,65,120,239,223,128,34,17,14,2,10,67,103,155,150,106,78,44,83,158,142,200,225,241,203,174,184,157,114,86,104,66,102,134,189,201,205,156,14,45,75,68,54,0,26,0,59,75,77,156,191,148,85,17,47,87,66,10,72,142,118,83,14,1,47,67,85,154,186,245,221,206,78,67,18,0,6,15,74,117,173,234,180,153,16,16,21,5,17,13,69,78,149,189,188,173,86,57,89,48,39,84,63,87,116,167,169,171,157,125,107,64,82,64,20,19,61,103,128,128,86,79,119,116,0,16,55,111,242
255,255,201,186,160,77,6,70,147,121,19,18,14,22,12,2,4,2,8,66,101,87,16,0,29,0,3,1,15,122,135,172,169,133,71,74,116,207,226,228,221,54,31,30,20,15,80,209,241,174,120,71,69,76,54,14,18,46,64,137,158,101,88,15,0,50,89,65,67,133,154,184,104,42,16,12,0,30,0,18,2,0,33,124,190,127,141,80,35,71,63,61,19,51,88,103,50,1,10,0,52,35,26,81,144,152,162,106,15,0,21,67,3,0,6,0,36,51,96,85,14,0,54,100,135,146,120,116,170,150,50,54,91,77,79,105,85,71,1,6,49,101,191,180,144,156,142,112,68,69,69,50,73,98,139,121,82,53,3,53,85,115,234
255,254,224,124,66,67,73,101,176,159,99,101,84,47,87,15,0,3,3,106,153,171,90,58,33,26,15,0,2,68,119,237,237,105,65,50,89,121,153,194,186,84,83,71,69,67,107,130,169,165,167,86,100,76,63,17,0,7,88,138,186,184,173,95,56,30,2,0,53,160,165,222,215,188,120,19,6,0,1,3,0,19,21,29,95,198,168,134,102,84,88,14,13,92,141,188,99,20,11,17,13,52,94,137,165,184,217,205,66,51,37,13,29,26,0,20,105,173,182,118,17,15,105,135,193,201,136,50,85,102,181,184,130,159,152,154,111,67,0,4,0,52,157,171,176,151,95,72,2,0,7,0,66,69,83,37,40,28,23,63,136,137,246
254,254,203,49,0,3,11,31,67,163,223,207,190,157,85,14,18,27,0,0,9,116,155,149,129,62,51,21,0,72,86,240,239,210,125,0,18,0,125,203,192,101,86,11,16,0,26,38,22,120,151,198,198,65,54,0,0,0,1,67,156,204,200,191,139,64,47,19,0,10,40,136,210,167,123,81,66,1,23,18,20,64,83,138,156,184,169,138,107,133,151,87,16,80,105,131,121,0,5,0,75,16,11,83,143,179,255,249,255,239,189,86,75,25,15,24,3,0,19,14,2,36,99,155,206,238,101,20,68,97,153,131,89,137,185,221,110,67,6,20,0,57,149,202,236,235,225,205,13,2,13,17,3,48,91,134,135,135,82,53,54,80,235
249,255,218,68,0,35,68,71,68,103,135,134,152,135,164,176,137,61,56,57,83,102,84,120,152,126,83,51,70,70,65,154,174,125,141,105,77,113,83,118,151,155,150,158,134,100,92,64,65,87,83,163,157,137,134,104,92,64,88,137,151,138,136,135,99,38,69,84,63,19,17,80,47,104,115,118,122,27,73,82,136,105,84,50,50,89,98,118,81,123,100,101,34,82,83,121,135,109,63,37,115,99,107,31,46,85,176,186,153,132,134,102,86,123,115,48,50,75,171,155,67,50,72,116,132,140,206,169,104,104,134,123,100,88,82,87,137,156,98,65,71,65,85,123,169,193,164,155,85,67,52,33,1,52,83,132,122,70,16,13,16,54,235
254,247,209,69,13,100,170,172,184,120,31,40,64,82,123,134,137,84,116,104,123,29,20,47,66,70,85,86,139,128,157,136,153,64,91,166,170,118,89,66,80,70,68,113,126,172,162,158,67,52,48,88,81,116,124,133,152,129,139,105,87,29,33,0,15,88,106,147,150,86,104,99,31,35,11,0,33,116,124,150,205,213,186,136,139,29,59,66,49,16,17,67,52,87,68,84,120,150,119,102,167,203,189,154,67,47,53,70,19,12,36,67,139,182,188,117,91,68,48,48,70,100,137,153,113,118,72,116,154,150,185,175,135,135,101,15,66,81,72,76,148,169,162,112,53,46,66,89,47,58,82,68,83,64,73,85,84,121,112,73,2,30,255
251,253,220,83,39,68,134,169,201,194,101,58,35,107,99,82,49,51,134,156,128,72,67,70,85,86,79,114,117,172,183,138,119,110,100,118,120,67,67,69,74,137,132,89,82,151,191,200,130,53,34,52,51,91,87,66,104,169,122,114,95,126,79,33,37,76,86,76,158,201,221,188,45,75,68,37,74,86,60,53,104,218,218,242,206,65,66,66,52,2,13,89,67,118,80,32,81,121,135,137,153,199,208,217,177,132,87,87,25,50,65,0,53,104,152,171,128,127,50,41,96,136,205,218,182,131,50,72,85,100,124,119,115,124,156,114,85,64,68,75,152,191,214,192,95,59,108,96,37,26,84,83,137,158,127,105,117,133,129,41,6,66,232
255,255,202,118,79,89,100,120,159,182,184,148,95,138,133,73,51,106,101,103,123,135,115,90,84,50,84,148,171,244,241,133,82,130,119,106,100,138,96,103,112,132,155,86,66,49,121,221,244,151,101,70,120,58,63,55,85,186,192,190,179,131,140,69,47,56,63,44,135,234,227,222,51,47,49,47,29,22,0,19,24,190,210,218,185,176,117,89,14,0,0,100,172,133,87,5,52,84,139,153,190,227,232,243,238,223,154,98,94,77,84,0,0,40,102,135,107,63,49,57,123,152,187,205,186,170,86,81,68,87,99,64,91,97,154,205,107,55,38,103,103,118,168,206,190,168,149,115,58,51,49,70,119,122,101,74,115,121,81,58,0,49,244
244,255,224,142,89,81,122,155,201,210,218,187,168,101,77,29,24,77,9,2,0,64,104,78,102,19,35,80,97,186,220,189,154,89,69,114,148,209,223,220,227,154,127,61,73,1,49,187,240,222,188,12,13,97,67,31,45,106,149,167,170,139,80,16,35,0,17,18,52,142,145,153,123,31,20,14,15,33,16,0,18,87,98,127,169,222,148,84,15,1,36,118,169,120,81,28,81,105,103,104,125,184,188,224,222,238,189,156,93,63,46,15,0,32,65,142,115,102,54,22,61,125,206,232,219,225,132,118,67,54,69,46,56,74,141,172,98,41,46,52,0,17,67,118,172,169,140,116,31,34,0,33,49,50,30,11,40,67,48,51,25,51,237
255,255,199,165,114,87,65,81,120,115,145,157,148,86,84,84,91,69,13,12,17,73,151,138,155,96,51,5,15,101,139,204,186,72,64,88,91,131,160,182,200,100,88,84,85,0,50,117,207,216,226,87,26,72,66,87,69,0,21,36,67,72,98,89,93,5,40,62,34,46,73,63,67,84,45,19,68,87,30,21,2,0,22,4,48,134,131,96,50,23,0,28,2,64,87,102,52,24,0,0,0,3,56,145,189,206,200,192,102,69,19,16,1,4,22,42,154,176,111,65,67,87,153,176,196,203,172,189,48,35,0,1,12,41,115,117,174,174,70,23,18,17,14,50,85,90,134,152,124,86,28,33,31,58,86,51,10,13,15,16,0,73,228
253,248,222,209,207,116,58,71,48,31,85,146,190,206,203,224,199,121,72,89,78,31,37,99,121,191,192,113,49,20,29,203,223,183,120,17,29,88,46,74,137,209,199,56,12,70,31,17,13,73,98,221,229,167,114,15,18,1,0,2,20,10,59,94,130,122,139,137,70,48,66,74,70,148,153,154,99,68,34,30,22,0,42,48,22,98,150,225,215,129,132,0,22,79,154,241,239,166,132,109,89,13,31,41,14,17,134,188,206,202,190,132,22,0,16,3,49,100,186,188,91,25,17,81,49,44,137,137,205,206,157,132,89,49,39,83,65,84,116,148,79,87,84,84,117,150,118,143,217,234,249,149,120,97,99,109,172,172,127,81,48,78,235
255,250,205,236,241,187,76,66,89,56,82,121,122,189,199,205,190,135,136,76,99,17,47,69,100,139,135,165,141,75,38,197,238,243,151,13,35,18,14,69,106,132,147,116,126,63,49,0,0,52,117,205,208,164,160,50,49,2,16,11,3,3,18,68,158,204,152,101,84,126,111,101,83,121,173,204,171,84,36,14,0,6,27,93,80,121,156,205,223,129,102,1,2,34,118,183,208,235,210,165,90,85,80,47,50,46,88,134,195,219,230,210,0,1,26,57,68,83,205,202,81,86,51,93,67,33,88,121,156,162,208,220,148,104,50,119,87,89,30,28,71,101,137,136,174,169,184,189,171,186,167,157,133,108,35,25,102,120,152,136,53,52,255
248,255,201,190,134,131,78,101,151,154,65,50,32,118,90,102,153,185,187,191,150,51,34,67,85,69,66,86,134,81,71,116,151,137,152,140,117,51,35,103,117,84,89,120,129,177,147,87,16,16,49,104,79,75,47,103,103,82,73,37,0,16,14,35,66,106,82,32,33,84,118,156,67,66,83,103,130,122,80,104,154,118,102,65,81,101,84,85,138,150,170,133,44,3,51,104,116,160,130,123,111,185,190,172,137,102,50,70,73,108,161,184,156,154,133,90,46,37,155,170,152,142,167,133,137,122,51,32,98,106,137,152,119,118,80,156,168,172,102,87,97,118,136,136,118,117,86,101,95,107,48,103,170,116,85,66,71,85,100,106,53,71,236
254,254,222,99,89,103,114,140,185,204,120,61,51,66,2,34,61,178,163,170,172,103,82,69,69,33,34,29,73,100,102,51,68,87,105,200,190,132,83,104,118,83,74,80,84,223,226,150,61,51,48,35,32,38,30,138,152,169,156,102,30,0,11,35,49,34,22,0,0,69,81,120,80,85,56,35,47,104,117,152,240,182,158,99,88,53,30,17,67,172,187,199,116,35,52,82,50,34,65,79,157,226,219,223,151,123,62,73,18,11,86,83,191,170,156,70,49,32,67,66,168,190,219,210,191,186,44,1,65,90,114,116,84,82,113,155,170,189,187,136,155,117,64,85,102,130,53,18,96,90,47,34,87,98,119,81,57,48,33,49,0,53,240
251,255,203,116,86,120,121,139,170,184,186,109,50,30,0,20,18,31,55,86,114,190,187,133,83,0,0,75,133,152,155,81,88,111,99,175,180,211,154,115,106,85,83,121,116,152,185,202,209,124,98,50,33,80,89,80,98,157,167,172,116,93,90,78,65,99,75,33,43,64,87,100,74,29,48,52,52,30,107,100,153,121,118,120,81,0,35,49,83,112,117,191,228,120,102,69,50,1,17,59,98,153,146,188,155,110,125,84,28,45,84,73,116,118,64,101,115,139,19,1,65,89,136,185,214,241,107,70,119,132,142,136,140,139,120,82,102,117,188,204,182,174,137,123,154,175,82,55,99,116,125,65,32,35,48,63,7,0,40,33,30,73,252
255,248,225,119,67,100,70,80,112,162,149,98,81,99,76,11,1,0,27,117,157,191,184,188,152,55,36,66,166,163,180,131,98,130,115,140,159,207,187,152,130,105,117,135,161,102,140,188,218,188,138,32,12,71,69,30,36,68,102,150,158,194,153,118,85,127,101,87,85,73,99,154,87,0,1,14,32,66,33,69,99,79,88,98,120,79,49,13,51,50,88,129,198,166,148,118,85,0,12,35,14,47,94,152,132,149,114,81,92,93,82,131,174,140,83,125,152,168,74,26,39,13,29,108,156,156,125,111,190,147,85,85,179,170,123,13,51,106,194,213,210,182,171,149,153,147,61,52,89,107,132,137,63,37,2,0,19,22,61,71,81,98,249
248,255,207,61,18,38,84,53,5,63,154,151,156,157,150,82,47,18,3,51,84,42,37,35,48,100,118,115,73,88,100,188,171,82,54,0,0,35,20,68,105,84,120,122,77,7,23,46,85,129,173,104,64,66,57,0,14,13,16,34,84,77,105,153,79,3,34,83,32,12,38,85,185,188,140,63,23,9,53,63,83,91,85,85,188,199,152,68,65,62,50,0,70,195,222,255,221,143,99,65,17,2,0,0,54,79,120,84,85,42,19,19,79,52,16,68,89,103,140,160,84,66,70,81,67,80,46,138,224,221,69,20,101,88,112,138,50,18,56,79,85,103,176,216,203,192,127,94,85,88,80,87,70,34,0,17,1,1,0,1,29,65,237
251,254,212,141,105,53,86,44,46,37,49,93,99,101,87,85,83,58,2,18,29,78,47,47,70,16,34,85,120,115,126,205,204,123,86,30,1,4,0,40,88,130,150,88,86,54,66,31,36,34,68,121,85,120,95,22,5,0,0,20,11,19,33,101,123,71,51,10,20,16,0,31,149,191,139,80,28,6,49,90,80,89,107,114,184,157,118,68,84,32,35,19,31,101,112,136,138,132,107,88,20,45,68,49,30,19,35,19,84,100,100,45,19,21,30,83,97,125,156,133,138,119,45,42,52,87,119,135,200,206,84,61,67,57,49,104,96,109,46,21,13,68,90,198,188,183,100,86,116,119,83,84,68,106,106,75,9,20,58,28,0,51,241
255,255,205,170,137,133,124,88,25,0,0,8,19,64,141,114,126,126,138,94,51,71,81,38,17,0,36,61,103,101,112,116,139,174,169,28,3,15,6,43,64,126,102,119,119,72,45,21,1,1,27,168,171,223,157,64,40,73,20,10,74,18,35,69,118,149,154,106,62,65,55,15,104,100,101,69,120,134,118,46,35,15,49,96,99,137,173,186,190,66,52,1,0,23,53,85,101,136,105,80,61,75,83,66,30,4,11,68,136,174,209,191,168,118,51,30,93,94,88,152,185,190,160,126,141,115,135,169,191,189,205,211,171,128,89,149,190,189,79,72,1,36,86,131,169,188,170,98,29,41,36,34,67,86,91,30,20,0,21,15,9,59,243
246,255,198,203,185,205,188,166,116,22,9,34,66,52,50,70,63,158,175,142,121,102,120,99,100,86,71,33,37,65,76,87,115,189,167,24,35,46,33,21,34,66,101,205,220,169,121,19,51,10,25,135,169,203,169,50,56,71,66,66,87,14,0,34,120,223,221,225,148,55,30,49,62,70,89,76,178,223,181,141,0,48,29,29,56,61,85,132,204,196,183,47,10,0,12,54,85,107,120,123,136,130,123,87,37,0,32,83,124,130,166,218,221,135,36,0,56,84,53,100,138,116,134,173,170,170,136,157,135,123,167,167,171,109,49,120,166,212,99,87,101,99,121,72,133,154,191,169,126,113,51,31,82,55,36,19,35,67,47,35,0,50,237
255,249,221,174,153,187,138,138,119,54,47,46,90,13,0,0,34,117,131,154,171,134,152,173,169,121,84,52,28,89,86,134,155,138,140,97,114,129,47,0,2,63,123,238,238,188,102,14,30,20,8,108,95,139,155,136,117,85,80,55,35,48,71,85,118,222,222,236,170,48,51,87,36,51,26,39,100,218,229,219,173,132,125,0,27,1,31,69,190,231,239,173,80,16,42,47,56,72,89,119,152,174,167,172,100,82,20,48,32,69,154,220,189,148,105,38,67,73,82,120,80,91,98,170,187,204,173,135,67,67,121,136,103,82,67,122,173,181,105,66,100,104,120,65,103,156,182,155,97,86,84,69,29,21,0,34,69,86,84,71,56,82,243
253,254,205,67,39,47,122,132,174,97,34,68,70,11,0,0,0,30,69,105,102,58,78,130,155,104,99,106,116,81,88,80,48,30,73,158,161,138,65,0,17,47,85,173,186,135,134,122,121,85,84,16,30,66,112,152,136,67,102,80,52,50,50,101,85,81,104,127,140,168,173,131,52,0,0,1,29,142,171,187,205,157,140,0,5,0,17,35,118,134,135,221,188,119,79,36,52,31,53,34,98,146,172,204,185,186,87,48,50,52,96,160,114,155,192,167,147,141,108,103,32,51,106,151,189,201,188,174,131,108,64,72,33,48,106,152,165,187,167,150,153,131,64,87,69,66,71,100,80,83,88,48,5,13,8,25,37,39,27,89,120,117,237
252,255,217,49,14,0,80,110,136,186,193,83,0,10,4,16,33,90,79,35,16,118,189,237,221,190,168,154,137,104,91,68,94,70,90,129,155,188,173,74,0,30,41,124,132,135,175,184,184,192,163,84,71,91,74,87,88,203,208,225,223,182,177,83,53,53,91,89,171,241,237,250,87,0,41,71,99,137,170,187,182,184,154,107,111,101,51,1,49,20,0,87,142,65,95,69,33,15,2,1,75,91,90,155,191,220,120,84,4,37,88,173,134,128,56,92,85,77,85,67,21,4,92,87,39,4,31,64,90,81,63,90,87,80,65,88,125,143,144,145,189,155,85,65,11,8,0,43,141,134,87,52,0,6,5,9,3,0,0,36,84,98,238
255,252,211,123,75,52,86,80,81,171,209,124,48,17,20,53,100,149,86,35,5,55,27,39,46,103,136,198,186,133,116,82,74,23,0,86,105,187,205,130,68,35,14,98,89,15,16,85,157,190,182,132,134,134,83,45,82,80,103,118,158,213,182,137,47,79,59,11,87,207,220,231,168,10,20,26,28,91,79,84,85,201,193,174,78,91,67,70,91,60,74,84,187,239,245,229,189,87,19,0,49,19,9,38,100,175,203,176,105,65,85,92,151,141,117,67,148,183,146,78,17,19,16,18,0,10,31,17,65,107,157,132,120,164,166,125,98,89,140,159,154,137,135,100,84,82,67,61,35,21,18,30,70,42,0,0,17,6,4,28,89,104,247
255,253,216,66,23,87,21,13,18,88,155,168,177,99,73,54,99,174,224,199,208,13,13,49,69,87,86,106,149,207,210,193,175,2,19,47,82,97,140,175,176,136,113,126,114,64,73,84,81,95,107,163,175,189,103,17,13,9,53,137,187,231,226,205,122,20,15,1,63,96,113,179,188,90,36,1,8,90,57,90,67,92,80,98,154,223,204,171,137,136,143,137,128,172,180,210,168,171,154,125,64,60,69,81,117,140,156,153,165,154,140,76,84,59,29,91,122,152,207,192,78,53,20,81,71,72,62,66,20,26,103,90,82,113,157,127,100,81,89,79,76,91,90,120,138,127,29,14,2,4,0,3,19,13,11,6,5,1,20,0,16,63,236
255,252,207,104,42,26,65,67,64,71,99,113,173,83,18,76,55,29,113,133,148,113,85,14,27,73,84,81,92,135,187,217,203,17,4,69,88,69,80,149,189,198,193,38,35,92,41,6,18,48,125,188,188,182,191,167,159,61,69,85,88,184,209,217,136,59,65,62,29,22,33,81,150,172,169,138,71,23,16,12,17,68,90,75,129,188,158,101,31,81,86,17,89,27,28,34,86,98,53,18,0,18,22,18,57,79,92,105,135,153,132,76,13,10,4,13,14,19,163,219,209,170,34,5,19,0,54,89,68,72,89,67,81,103,144,151,129,145,34,18,34,31,64,78,53,19,70,54,59,81,62,84,60,68,86,115,143,105,82,42,61,95,239
253,255,213,164,170,125,163,154,172,144,177,176,175,160,129,165,149,148,148,174,172,167,176,130,159,143,171,157,159,173,165,213,190,129,158,152,147,175,151,167,197,187,181,146,137,148,149,133,155,153,155,197,182,189,187,184,189,170,140,173,168,167,188,191,188,164,169,151,147,129,167,144,165,196,180,169,161,119,138,137,141,170,149,169,167,198,170,167,144,155,173,126,171,138,128,151,154,151,145,134,165,129,133,137,154,166,172,148,176,184,178,140,130,163,133,132,160,138,186,210,205,179,175,141,140,125,151,168,146,165,154,163,172,163,165,192,175,190,157,134,132,152,175,152,154,126,158,149,172,147,152,176,157,157,172,167,169,167,178,119,178,167,240
